"PRODUCT","DRAW NUMBER","DRAW DATE","PRIZE DIVISION","SEQUENCE NUMBER","NUMBER DRAWN 1","NUMBER DRAWN 2","NUMBER DRAWN 3","NUMBER DRAWN 4","NUMBER DRAWN 5","GRAND NUMBER"
"DGRD",1,"2016-10-20",0,0,8,14,18,35,37,5
"DGRD",2,"2016-10-24",0,0,8,9,28,36,48,1
"DGRD",3,"2016-10-27",0,0,5,14,24,30,34,7
"DGRD",4,"2016-10-31",0,0,3,14,25,30,45,2
"DGRD",5,"2016-11-03",0,0,9,12,19,24,39,4
"DGRD",6,"2016-11-07",0,0,10,21,23,30,32,5
"DGRD",7,"2016-11-10",0,0,1,11,16,46,48,5
"DGRD",8,"2016-11-14",0,0,8,12,17,23,29,3
"DGRD",9,"2016-11-17",0,0,2,5,9,17,44,1
"DGRD",10,"2016-11-21",0,0,17,23,28,30,48,5
"DGRD",11,"2016-11-24",0,0,2,10,14,40,45,3
"DGRD",12,"2016-11-28",0,0,2,14,30,34,43,7
"DGRD",13,"2016-12-01",0,0,4,23,34,39,40,3
"DGRD",14,"2016-12-05",0,0,16,24,29,37,40,3
"DGRD",15,"2016-12-08",0,0,6,7,28,30,38,6
"DGRD",16,"2016-12-12",0,0,6,7,10,14,33,5
"DGRD",17,"2016-12-15",0,0,24,28,36,39,48,3
"DGRD",18,"2016-12-19",0,0,3,9,10,13,25,4
"DGRD",19,"2016-12-22",0,0,4,7,8,38,40,6
"DGRD",20,"2016-12-26",0,0,5,18,26,42,45,4
"DGRD",21,"2016-12-29",0,0,6,16,40,43,46,6
"DGRD",22,"2017-01-02",0,0,6,25,26,42,47,3
"DGRD",23,"2017-01-05",0,0,20,26,37,45,49,5
"DGRD",24,"2017-01-09",0,0,21,26,27,30,47,1
"DGRD",25,"2017-01-12",0,0,11,17,24,35,38,6
"DGRD",26,"2017-01-16",0,0,3,19,24,37,46,6
"DGRD",27,"2017-01-19",0,0,5,7,11,13,32,6
"DGRD",28,"2017-01-23",0,0,10,31,40,42,46,2
"DGRD",29,"2017-01-26",0,0,19,25,27,34,44,1
"DGRD",30,"2017-01-30",0,0,16,19,32,35,44,3
"DGRD",31,"2017-02-02",0,0,6,7,31,34,38,2
"DGRD",32,"2017-02-06",0,0,4,42,46,47,48,7
"DGRD",33,"2017-02-09",0,0,7,9,33,34,48,1
"DGRD",34,"2017-02-13",0,0,7,15,23,30,47,1
"DGRD",35,"2017-02-16",0,0,2,5,20,21,47,7
"DGRD",36,"2017-02-20",0,0,8,12,14,16,44,1
"DGRD",37,"2017-02-23",0,0,11,20,21,24,39,1
"DGRD",38,"2017-02-27",0,0,4,8,14,22,34,1
"DGRD",39,"2017-03-02",0,0,19,27,31,41,43,2
"DGRD",40,"2017-03-06",0,0,6,10,13,28,47,5
"DGRD",41,"2017-03-09",0,0,8,30,31,38,40,1
"DGRD",42,"2017-03-13",0,0,4,25,31,38,42,2
"DGRD",43,"2017-03-16",0,0,1,5,24,27,41,5
"DGRD",44,"2017-03-20",0,0,3,4,5,35,42,6
"DGRD",45,"2017-03-23",0,0,20,27,34,43,47,4
"DGRD",46,"2017-03-27",0,0,10,14,20,29,33,2
"DGRD",47,"2017-03-30",0,0,2,20,22,34,40,2
"DGRD",48,"2017-04-03",0,0,3,5,6,29,33,4
"DGRD",49,"2017-04-06",0,0,6,17,26,27,36,3
"DGRD",50,"2017-04-10",0,0,1,25,33,37,41,5
"DGRD",51,"2017-04-13",0,0,3,6,10,39,44,6
"DGRD",52,"2017-04-17",0,0,9,17,20,43,48,1
"DGRD",53,"2017-04-20",0,0,12,24,32,33,42,7
"DGRD",54,"2017-04-24",0,0,8,15,36,40,47,5
"DGRD",55,"2017-04-27",0,0,2,10,13,24,37,5
"DGRD",56,"2017-05-01",0,0,5,15,19,34,41,6
"DGRD",57,"2017-05-04",0,0,12,14,23,27,39,3
"DGRD",58,"2017-05-08",0,0,7,25,26,37,48,3
"DGRD",59,"2017-05-11",0,0,1,13,24,28,47,7
"DGRD",60,"2017-05-15",0,0,1,35,39,45,46,4
"DGRD",61,"2017-05-18",0,0,9,13,18,42,43,7
"DGRD",62,"2017-05-22",0,0,15,18,27,30,45,1
"DGRD",63,"2017-05-25",0,0,4,8,18,29,43,7
"DGRD",64,"2017-05-29",0,0,4,13,16,36,49,2
"DGRD",65,"2017-06-01",0,0,10,18,20,21,48,7
"DGRD",66,"2017-06-05",0,0,6,21,23,29,45,2
"DGRD",66,"2017-06-05",20,1,18,21,38,41,46,0
"DGRD",66,"2017-06-05",20,2,4,8,20,33,49,0
"DGRD",66,"2017-06-05",20,3,9,10,12,22,43,0
"DGRD",66,"2017-06-05",20,4,6,7,11,16,18,0
"DGRD",66,"2017-06-05",20,5,24,26,33,42,48,0
"DGRD",67,"2017-06-08",0,0,11,21,37,44,47,4
"DGRD",67,"2017-06-08",20,1,6,11,16,33,43,0
"DGRD",67,"2017-06-08",20,2,19,20,29,36,46,0
"DGRD",67,"2017-06-08",20,3,4,10,22,36,41,0
"DGRD",67,"2017-06-08",20,4,4,6,11,28,41,0
"DGRD",67,"2017-06-08",20,5,11,21,27,35,38,0
"DGRD",68,"2017-06-12",0,0,19,23,45,47,48,3
"DGRD",69,"2017-06-15",0,0,4,12,20,28,33,1
"DGRD",70,"2017-06-19",0,0,7,12,25,36,49,2
"DGRD",71,"2017-06-22",0,0,9,21,30,43,49,1
"DGRD",72,"2017-06-26",0,0,20,25,39,44,46,3
"DGRD",73,"2017-06-29",0,0,1,2,26,36,46,4
"DGRD",74,"2017-07-03",0,0,1,3,7,13,42,2
"DGRD",75,"2017-07-06",0,0,6,21,22,26,45,7
"DGRD",76,"2017-07-10",0,0,14,18,39,42,49,2
"DGRD",77,"2017-07-13",0,0,14,16,37,42,44,6
"DGRD",78,"2017-07-17",0,0,8,10,26,28,35,2
"DGRD",79,"2017-07-20",0,0,6,10,17,33,47,5
"DGRD",80,"2017-07-24",0,0,21,32,33,39,46,2
"DGRD",81,"2017-07-27",0,0,4,5,11,24,49,1
"DGRD",82,"2017-07-31",0,0,10,13,26,32,33,4
"DGRD",83,"2017-08-03",0,0,19,24,35,37,43,5
"DGRD",84,"2017-08-07",0,0,2,3,27,35,49,7
"DGRD",85,"2017-08-10",0,0,5,10,16,18,37,2
"DGRD",86,"2017-08-14",0,0,2,5,9,15,33,5
"DGRD",87,"2017-08-17",0,0,22,33,37,40,46,7
"DGRD",88,"2017-08-21",0,0,6,20,21,32,33,2
"DGRD",89,"2017-08-24",0,0,8,30,33,34,47,6
"DGRD",90,"2017-08-28",0,0,17,21,22,28,44,1
"DGRD",91,"2017-08-31",0,0,3,4,6,27,37,6
"DGRD",92,"2017-09-04",0,0,3,5,34,41,45,3
"DGRD",93,"2017-09-07",0,0,3,8,35,41,44,1
"DGRD",94,"2017-09-11",0,0,3,10,23,37,39,3
"DGRD",95,"2017-09-14",0,0,18,19,24,35,42,1
"DGRD",96,"2017-09-18",0,0,1,2,7,8,19,5
"DGRD",97,"2017-09-21",0,0,2,4,12,23,47,2
"DGRD",98,"2017-09-25",0,0,19,28,30,34,39,5
"DGRD",99,"2017-09-28",0,0,15,17,20,35,36,3
"DGRD",100,"2017-10-02",0,0,2,12,14,35,45,3
"DGRD",101,"2017-10-05",0,0,5,22,40,47,48,7
"DGRD",102,"2017-10-09",0,0,13,27,35,39,43,7
"DGRD",103,"2017-10-12",0,0,3,7,11,23,45,2
"DGRD",104,"2017-10-16",0,0,2,32,39,40,42,7
"DGRD",104,"2017-10-16",20,1,9,10,21,30,34,0
"DGRD",104,"2017-10-16",20,2,12,14,21,24,26,0
"DGRD",104,"2017-10-16",20,3,7,9,16,36,39,0
"DGRD",104,"2017-10-16",20,4,3,8,18,19,37,0
"DGRD",104,"2017-10-16",20,5,1,2,17,23,29,0
"DGRD",105,"2017-10-19",0,0,7,27,39,42,44,7
"DGRD",105,"2017-10-19",20,1,3,10,13,38,46,0
"DGRD",105,"2017-10-19",20,2,1,17,24,28,31,0
"DGRD",105,"2017-10-19",20,3,2,5,8,40,46,0
"DGRD",105,"2017-10-19",20,4,21,22,30,35,49,0
"DGRD",105,"2017-10-19",20,5,6,7,8,21,42,0
"DGRD",106,"2017-10-23",0,0,5,14,22,34,40,4
"DGRD",107,"2017-10-26",0,0,5,17,24,35,36,7
"DGRD",108,"2017-10-30",0,0,16,27,32,34,45,2
"DGRD",109,"2017-11-02",0,0,16,17,26,32,38,1
"DGRD",110,"2017-11-06",0,0,4,18,22,38,48,2
"DGRD",111,"2017-11-09",0,0,6,12,15,17,39,2
"DGRD",112,"2017-11-13",0,0,32,37,38,41,42,2
"DGRD",113,"2017-11-16",0,0,9,12,22,37,44,6
"DGRD",114,"2017-11-20",0,0,3,10,13,30,34,4
"DGRD",115,"2017-11-23",0,0,2,22,25,34,39,1
"DGRD",116,"2017-11-27",0,0,6,9,25,33,34,1
"DGRD",117,"2017-11-30",0,0,7,15,31,35,48,7
"DGRD",118,"2017-12-04",0,0,12,26,31,37,45,4
"DGRD",119,"2017-12-07",0,0,7,17,31,39,46,6
"DGRD",120,"2017-12-11",0,0,17,19,20,37,47,6
"DGRD",121,"2017-12-14",0,0,5,7,23,39,47,7
"DGRD",122,"2017-12-18",0,0,13,19,27,33,41,1
"DGRD",123,"2017-12-21",0,0,12,32,38,46,47,4
"DGRD",124,"2017-12-25",0,0,8,11,16,40,46,4
"DGRD",125,"2017-12-28",0,0,24,27,28,43,49,6
"DGRD",126,"2018-01-01",0,0,26,29,36,40,45,1
"DGRD",127,"2018-01-04",0,0,3,4,11,30,37,6
"DGRD",128,"2018-01-08",0,0,4,10,38,43,46,3
"DGRD",129,"2018-01-11",0,0,1,11,24,35,38,2
"DGRD",130,"2018-01-15",0,0,4,10,20,37,41,3
"DGRD",131,"2018-01-18",0,0,5,30,33,36,48,2
"DGRD",132,"2018-01-22",0,0,6,26,27,43,44,7
"DGRD",133,"2018-01-25",0,0,15,22,27,32,44,1
"DGRD",134,"2018-01-29",0,0,7,16,27,34,38,3
"DGRD",135,"2018-02-01",0,0,4,7,17,25,41,7
"DGRD",136,"2018-02-05",0,0,6,15,25,32,46,1
"DGRD",137,"2018-02-08",0,0,12,15,22,34,49,3
"DGRD",138,"2018-02-12",0,0,17,21,34,42,44,3
"DGRD",139,"2018-02-15",0,0,2,6,12,32,43,1
"DGRD",140,"2018-02-19",0,0,2,8,26,43,45,5
"DGRD",141,"2018-02-22",0,0,14,20,24,26,32,1
"DGRD",142,"2018-02-26",0,0,3,35,40,45,48,1
"DGRD",143,"2018-03-01",0,0,1,15,24,31,42,1
"DGRD",144,"2018-03-05",0,0,12,21,29,33,35,3
"DGRD",145,"2018-03-08",0,0,11,17,38,43,49,1
"DGRD",146,"2018-03-12",0,0,4,17,23,24,32,4
"DGRD",147,"2018-03-15",0,0,9,10,14,23,44,6
"DGRD",148,"2018-03-19",0,0,6,30,34,46,49,4
"DGRD",149,"2018-03-22",0,0,3,9,18,19,22,2
"DGRD",150,"2018-03-26",0,0,14,22,26,36,45,7
"DGRD",151,"2018-03-29",0,0,14,17,29,36,43,1
"DGRD",152,"2018-04-02",0,0,22,25,44,45,48,6
"DGRD",153,"2018-04-05",0,0,5,8,13,18,47,4
"DGRD",154,"2018-04-09",0,0,2,9,34,41,43,1
"DGRD",155,"2018-04-12",0,0,31,38,40,41,44,5
"DGRD",156,"2018-04-16",0,0,14,17,32,38,49,7
"DGRD",157,"2018-04-19",0,0,13,21,24,26,43,1
"DGRD",158,"2018-04-23",0,0,13,20,21,37,38,3
"DGRD",159,"2018-04-26",0,0,6,14,22,26,35,7
"DGRD",160,"2018-04-30",0,0,7,24,25,35,37,2
"DGRD",161,"2018-05-03",0,0,1,4,29,38,47,5
"DGRD",162,"2018-05-07",0,0,1,36,39,45,49,6
"DGRD",163,"2018-05-10",0,0,4,16,25,34,39,4
"DGRD",163,"2018-05-10",20,1,12,13,17,20,34,0
"DGRD",163,"2018-05-10",20,2,4,19,30,44,46,0
"DGRD",163,"2018-05-10",20,3,5,6,11,31,36,0
"DGRD",163,"2018-05-10",20,4,20,28,40,43,49,0
"DGRD",163,"2018-05-10",20,5,4,9,16,26,45,0
"DGRD",163,"2018-05-10",20,6,8,11,18,22,32,0
"DGRD",163,"2018-05-10",20,7,12,13,30,33,40,0
"DGRD",163,"2018-05-10",20,8,5,13,20,21,23,0
"DGRD",163,"2018-05-10",20,9,9,26,35,44,45,0
"DGRD",163,"2018-05-10",20,10,20,27,30,37,44,0
"DGRD",164,"2018-05-14",0,0,3,7,11,13,25,1
"DGRD",164,"2018-05-14",20,1,1,10,12,25,44,0
"DGRD",164,"2018-05-14",20,2,6,15,26,38,45,0
"DGRD",164,"2018-05-14",20,3,2,26,29,30,31,0
"DGRD",164,"2018-05-14",20,4,4,6,9,10,42,0
"DGRD",164,"2018-05-14",20,5,15,16,32,33,40,0
"DGRD",164,"2018-05-14",20,6,23,34,35,40,47,0
"DGRD",164,"2018-05-14",20,7,14,23,32,46,47,0
"DGRD",164,"2018-05-14",20,8,5,10,22,29,48,0
"DGRD",164,"2018-05-14",20,9,15,25,28,39,48,0
"DGRD",164,"2018-05-14",20,10,3,4,28,41,48,0
"DGRD",165,"2018-05-17",0,0,1,5,18,42,46,3
"DGRD",166,"2018-05-21",0,0,6,8,22,30,38,6
"DGRD",167,"2018-05-24",0,0,18,26,38,43,49,7
"DGRD",168,"2018-05-28",0,0,14,28,29,42,48,5
"DGRD",169,"2018-05-31",0,0,2,9,41,45,48,1
"DGRD",170,"2018-06-04",0,0,1,5,11,30,38,5
"DGRD",171,"2018-06-07",0,0,2,3,4,40,47,1
"DGRD",172,"2018-06-11",0,0,1,12,19,26,35,7
"DGRD",173,"2018-06-14",0,0,1,19,33,41,47,1
"DGRD",174,"2018-06-18",0,0,1,16,31,44,48,2
"DGRD",175,"2018-06-21",0,0,13,28,30,31,43,7
"DGRD",176,"2018-06-25",0,0,12,20,30,43,46,2
"DGRD",177,"2018-06-28",0,0,6,39,40,48,49,4
"DGRD",178,"2018-07-02",0,0,5,18,23,39,42,3
"DGRD",179,"2018-07-05",0,0,14,20,27,40,41,2
"DGRD",180,"2018-07-09",0,0,13,26,41,42,47,2
"DGRD",181,"2018-07-12",0,0,1,2,32,36,39,4
"DGRD",182,"2018-07-16",0,0,5,11,27,34,46,1
"DGRD",183,"2018-07-19",0,0,27,31,36,38,39,6
"DGRD",184,"2018-07-23",0,0,19,32,38,44,48,2
"DGRD",185,"2018-07-26",0,0,32,34,43,44,46,6
"DGRD",186,"2018-07-30",0,0,15,17,30,44,47,6
"DGRD",187,"2018-08-02",0,0,6,9,22,32,38,7
"DGRD",188,"2018-08-06",0,0,11,29,31,34,38,7
"DGRD",189,"2018-08-09",0,0,2,15,21,32,34,3
"DGRD",190,"2018-08-13",0,0,5,9,30,31,47,7
"DGRD",191,"2018-08-16",0,0,8,9,25,31,41,2
"DGRD",192,"2018-08-20",0,0,8,12,18,35,40,2
"DGRD",193,"2018-08-23",0,0,5,11,16,24,42,4
"DGRD",194,"2018-08-27",0,0,7,15,23,31,48,4
"DGRD",195,"2018-08-30",0,0,25,28,35,39,48,5
"DGRD",196,"2018-09-03",0,0,13,26,36,39,49,1
"DGRD",197,"2018-09-06",0,0,4,8,20,22,49,6
"DGRD",198,"2018-09-10",0,0,3,29,31,43,48,7
"DGRD",199,"2018-09-13",0,0,1,11,25,29,46,7
"DGRD",200,"2018-09-17",0,0,4,15,20,24,48,5
"DGRD",200,"2018-09-17",20,1,5,9,20,29,32,0
"DGRD",200,"2018-09-17",20,2,3,13,20,27,38,0
"DGRD",200,"2018-09-17",20,3,9,11,19,33,37,0
"DGRD",200,"2018-09-17",20,4,20,24,43,47,48,0
"DGRD",200,"2018-09-17",20,5,8,10,16,41,48,0
"DGRD",201,"2018-09-20",0,0,3,10,15,23,48,2
"DGRD",201,"2018-09-20",20,1,6,13,17,33,47,0
"DGRD",201,"2018-09-20",20,2,1,23,31,32,40,0
"DGRD",201,"2018-09-20",20,3,4,5,6,26,47,0
"DGRD",201,"2018-09-20",20,4,25,29,33,35,36,0
"DGRD",201,"2018-09-20",20,5,9,11,12,29,37,0
"DGRD",202,"2018-09-24",0,0,14,25,27,28,43,4
"DGRD",203,"2018-09-27",0,0,3,9,12,21,47,3
"DGRD",204,"2018-10-01",0,0,7,25,28,45,49,4
"DGRD",205,"2018-10-04",0,0,2,14,39,46,49,3
"DGRD",206,"2018-10-08",0,0,1,13,24,41,42,4
"DGRD",207,"2018-10-11",0,0,1,11,25,26,39,6
"DGRD",208,"2018-10-15",0,0,10,18,24,37,39,1
"DGRD",209,"2018-10-18",0,0,2,23,29,32,48,3
"DGRD",210,"2018-10-22",0,0,10,11,33,40,42,5
"DGRD",211,"2018-10-25",0,0,5,11,14,16,39,7
"DGRD",212,"2018-10-29",0,0,8,11,12,13,23,3
"DGRD",213,"2018-11-01",0,0,2,3,5,17,39,7
"DGRD",214,"2018-11-05",0,0,4,27,34,40,42,1
"DGRD",215,"2018-11-08",0,0,6,7,29,33,35,3
"DGRD",216,"2018-11-12",0,0,2,13,18,19,43,2
"DGRD",217,"2018-11-15",0,0,13,27,38,42,49,1
"DGRD",218,"2018-11-19",0,0,29,31,35,36,46,5
"DGRD",219,"2018-11-22",0,0,4,24,25,29,42,7
"DGRD",220,"2018-11-26",0,0,8,26,28,37,47,1
"DGRD",221,"2018-11-29",0,0,4,15,19,23,48,5
"DGRD",222,"2018-12-03",0,0,1,4,13,17,49,6
"DGRD",223,"2018-12-06",0,0,4,30,31,35,45,6
"DGRD",223,"2018-12-06",20,1,12,24,31,45,49,0
"DGRD",223,"2018-12-06",20,2,4,28,32,44,46,0
"DGRD",223,"2018-12-06",20,3,4,8,12,14,43,0
"DGRD",223,"2018-12-06",20,4,1,5,15,40,43,0
"DGRD",223,"2018-12-06",20,5,2,13,30,45,47,0
"DGRD",224,"2018-12-10",0,0,5,11,15,34,40,3
"DGRD",224,"2018-12-10",20,1,9,14,16,24,46,0
"DGRD",224,"2018-12-10",20,2,17,20,29,39,41,0
"DGRD",224,"2018-12-10",20,3,18,20,29,32,49,0
"DGRD",224,"2018-12-10",20,4,6,27,28,47,49,0
"DGRD",224,"2018-12-10",20,5,2,11,24,26,31,0
"DGRD",225,"2018-12-13",0,0,4,20,28,34,49,4
"DGRD",226,"2018-12-17",0,0,14,17,29,40,46,7
"DGRD",227,"2018-12-20",0,0,13,24,26,32,42,1
"DGRD",228,"2018-12-24",0,0,7,19,20,21,48,5
"DGRD",229,"2018-12-27",0,0,3,22,25,27,41,2
"DGRD",230,"2018-12-31",0,0,3,20,38,42,46,3
"DGRD",231,"2019-01-03",0,0,2,4,12,17,37,6
"DGRD",232,"2019-01-07",0,0,2,7,8,28,31,2
"DGRD",233,"2019-01-10",0,0,7,9,13,19,29,7
"DGRD",234,"2019-01-14",0,0,2,25,33,39,40,2
"DGRD",235,"2019-01-17",0,0,9,14,17,18,41,2
"DGRD",236,"2019-01-21",0,0,8,9,18,43,48,2
"DGRD",237,"2019-01-24",0,0,1,5,6,15,31,4
"DGRD",238,"2019-01-28",0,0,7,19,27,33,35,1
"DGRD",239,"2019-01-31",0,0,21,25,37,40,42,6
"DGRD",240,"2019-02-04",0,0,3,15,16,42,45,5
"DGRD",241,"2019-02-07",0,0,13,22,32,34,46,5
"DGRD",242,"2019-02-11",0,0,14,23,41,46,47,5
"DGRD",243,"2019-02-14",0,0,1,5,10,33,48,2
"DGRD",244,"2019-02-18",0,0,7,9,14,25,46,1
"DGRD",245,"2019-02-21",0,0,1,9,11,32,41,7
"DGRD",246,"2019-02-25",0,0,2,18,26,37,48,5
"DGRD",246,"2019-02-25",20,1,14,15,22,40,42,0
"DGRD",246,"2019-02-25",20,2,6,26,28,38,40,0
"DGRD",246,"2019-02-25",20,3,1,16,23,35,49,0
"DGRD",246,"2019-02-25",20,4,9,13,41,47,48,0
"DGRD",246,"2019-02-25",20,5,18,26,31,38,40,0
"DGRD",247,"2019-02-28",0,0,4,21,29,30,35,3
"DGRD",247,"2019-02-28",20,1,32,40,43,44,45,0
"DGRD",247,"2019-02-28",20,2,15,17,39,47,48,0
"DGRD",247,"2019-02-28",20,3,10,13,23,30,40,0
"DGRD",247,"2019-02-28",20,4,4,11,32,35,42,0
"DGRD",247,"2019-02-28",20,5,7,13,35,39,41,0
"DGRD",248,"2019-03-04",0,0,1,9,21,31,39,7
"DGRD",249,"2019-03-07",0,0,12,14,15,29,30,5
"DGRD",250,"2019-03-11",0,0,7,10,25,30,47,5
"DGRD",251,"2019-03-14",0,0,3,13,18,29,46,1
"DGRD",252,"2019-03-18",0,0,1,7,11,37,47,5
"DGRD",253,"2019-03-21",0,0,15,19,30,34,49,1
"DGRD",254,"2019-03-25",0,0,2,4,8,41,47,3
"DGRD",255,"2019-03-28",0,0,11,12,14,15,22,3
"DGRD",256,"2019-04-01",0,0,2,24,30,38,48,1
"DGRD",257,"2019-04-04",0,0,4,29,35,38,47,3
"DGRD",258,"2019-04-08",0,0,14,16,17,37,48,5
"DGRD",258,"2019-04-08",20,1,2,13,32,41,46,0
"DGRD",258,"2019-04-08",20,2,3,24,25,38,46,0
"DGRD",258,"2019-04-08",20,3,10,11,12,19,32,0
"DGRD",258,"2019-04-08",20,4,11,21,22,31,32,0
"DGRD",258,"2019-04-08",20,5,11,22,33,37,49,0
"DGRD",259,"2019-04-11",0,0,11,19,20,29,39,5
"DGRD",259,"2019-04-11",20,1,3,8,38,44,49,0
"DGRD",259,"2019-04-11",20,2,7,24,31,33,45,0
"DGRD",259,"2019-04-11",20,3,13,15,41,43,49,0
"DGRD",259,"2019-04-11",20,4,18,22,26,34,48,0
"DGRD",259,"2019-04-11",20,5,22,23,25,34,47,0
"DGRD",260,"2019-04-15",0,0,1,3,7,26,29,7
"DGRD",261,"2019-04-18",0,0,19,34,36,44,49,5
"DGRD",262,"2019-04-22",0,0,5,17,19,30,44,6
"DGRD",263,"2019-04-25",0,0,8,9,30,36,39,1
"DGRD",264,"2019-04-29",0,0,3,11,36,41,48,1
"DGRD",265,"2019-05-02",0,0,7,8,24,38,39,3
"DGRD",266,"2019-05-06",0,0,3,24,29,36,43,3
"DGRD",267,"2019-05-09",0,0,1,3,10,19,27,3
"DGRD",268,"2019-05-13",0,0,6,7,11,23,25,7
"DGRD",269,"2019-05-16",0,0,13,15,37,43,49,6
"DGRD",270,"2019-05-20",0,0,1,17,30,31,49,5
"DGRD",271,"2019-05-23",0,0,10,15,22,41,47,6
"DGRD",272,"2019-05-27",0,0,1,4,12,19,21,1
"DGRD",273,"2019-05-30",0,0,13,18,32,34,38,5
"DGRD",274,"2019-06-03",0,0,6,22,30,32,34,2
"DGRD",275,"2019-06-06",0,0,9,26,36,46,49,7
"DGRD",276,"2019-06-10",0,0,17,18,31,35,48,6
"DGRD",277,"2019-06-13",0,0,1,7,18,26,28,6
"DGRD",278,"2019-06-17",0,0,4,6,8,13,47,3
"DGRD",279,"2019-06-20",0,0,7,20,22,38,46,7
"DGRD",280,"2019-06-24",0,0,9,25,31,34,36,2
"DGRD",281,"2019-06-27",0,0,6,33,36,42,43,3
"DGRD",282,"2019-07-01",0,0,16,18,34,36,46,1
"DGRD",283,"2019-07-04",0,0,8,30,31,39,41,7
"DGRD",284,"2019-07-08",0,0,2,20,27,34,37,2
"DGRD",285,"2019-07-11",0,0,9,15,21,36,43,1
"DGRD",286,"2019-07-15",0,0,3,6,12,29,37,1
"DGRD",287,"2019-07-18",0,0,2,9,33,36,38,4
"DGRD",288,"2019-07-22",0,0,4,29,42,44,49,4
"DGRD",289,"2019-07-25",0,0,16,26,27,36,38,2
"DGRD",290,"2019-07-29",0,0,1,3,22,32,40,1
"DGRD",291,"2019-08-01",0,0,4,7,24,31,35,4
"DGRD",292,"2019-08-05",0,0,6,20,37,43,44,7
"DGRD",293,"2019-08-08",0,0,24,25,36,39,41,6
"DGRD",294,"2019-08-12",0,0,9,17,36,44,49,2
"DGRD",295,"2019-08-15",0,0,6,17,19,31,43,2
"DGRD",296,"2019-08-19",0,0,11,14,21,41,42,3
"DGRD",297,"2019-08-22",0,0,5,12,15,25,32,6
"DGRD",298,"2019-08-26",0,0,4,13,23,27,38,2
"DGRD",299,"2019-08-29",0,0,1,4,6,7,27,7
"DGRD",300,"2019-09-02",0,0,16,28,36,37,49,1
"DGRD",301,"2019-09-05",0,0,10,30,36,38,44,4
"DGRD",302,"2019-09-09",0,0,15,32,39,42,48,3
"DGRD",303,"2019-09-12",0,0,4,12,30,32,48,7
"DGRD",304,"2019-09-16",0,0,3,13,25,26,29,3
"DGRD",304,"2019-09-16",20,1,3,9,12,32,37,0
"DGRD",304,"2019-09-16",20,2,4,13,20,39,45,0
"DGRD",304,"2019-09-16",20,3,5,6,8,10,42,0
"DGRD",304,"2019-09-16",20,4,6,10,17,18,44,0
"DGRD",304,"2019-09-16",20,5,7,33,37,39,40,0
"DGRD",305,"2019-09-19",0,0,6,19,24,35,46,2
"DGRD",305,"2019-09-19",20,1,4,22,25,32,37,0
"DGRD",305,"2019-09-19",20,2,6,8,19,22,46,0
"DGRD",305,"2019-09-19",20,3,11,13,20,28,32,0
"DGRD",305,"2019-09-19",20,4,15,24,25,36,49,0
"DGRD",305,"2019-09-19",20,5,22,37,39,41,44,0
"DGRD",306,"2019-09-23",0,0,15,27,29,31,44,6
"DGRD",307,"2019-09-26",0,0,4,6,14,21,37,3
"DGRD",308,"2019-09-30",0,0,3,12,41,43,46,1
"DGRD",309,"2019-10-03",0,0,1,2,4,19,23,5
"DGRD",310,"2019-10-07",0,0,4,7,17,24,29,1
"DGRD",311,"2019-10-10",0,0,6,12,19,34,49,7
"DGRD",312,"2019-10-14",0,0,4,8,21,29,42,5
"DGRD",313,"2019-10-17",0,0,7,14,17,23,24,7
"DGRD",314,"2019-10-21",0,0,16,25,27,28,41,3
"DGRD",315,"2019-10-24",0,0,3,13,16,19,40,5
"DGRD",316,"2019-10-28",0,0,7,12,17,18,39,5
"DGRD",317,"2019-10-31",0,0,17,18,27,42,46,2
"DGRD",318,"2019-11-04",0,0,1,2,13,18,38,2
"DGRD",319,"2019-11-07",0,0,9,30,31,37,42,7
"DGRD",320,"2019-11-11",0,0,7,14,20,22,42,6
"DGRD",321,"2019-11-14",0,0,7,10,23,33,44,5
"DGRD",322,"2019-11-18",0,0,22,25,33,44,47,1
"DGRD",323,"2019-11-21",0,0,15,24,29,39,47,4
"DGRD",324,"2019-11-25",0,0,5,6,9,20,42,3
"DGRD",325,"2019-11-28",0,0,14,21,24,27,40,7
"DGRD",326,"2019-12-02",0,0,9,10,26,37,43,3
"DGRD",327,"2019-12-05",0,0,2,14,34,40,43,2
"DGRD",328,"2019-12-09",0,0,6,20,34,38,49,3
"DGRD",329,"2019-12-12",0,0,10,23,32,33,45,7
"DGRD",330,"2019-12-16",0,0,17,22,26,38,44,7
"DGRD",331,"2019-12-19",0,0,7,9,21,43,48,1
"DGRD",332,"2019-12-23",0,0,4,8,23,40,45,7
"DGRD",333,"2019-12-26",0,0,3,12,13,21,37,5
"DGRD",334,"2019-12-30",0,0,1,25,33,42,47,2
"DGRD",335,"2020-01-02",0,0,4,15,19,26,44,2
"DGRD",336,"2020-01-06",0,0,11,19,31,38,43,4
"DGRD",337,"2020-01-09",0,0,11,21,25,42,47,3
"DGRD",338,"2020-01-13",0,0,5,9,14,17,20,4
"DGRD",339,"2020-01-16",0,0,16,23,28,37,41,2
"DGRD",340,"2020-01-20",0,0,6,8,19,20,49,2
"DGRD",341,"2020-01-23",0,0,13,17,19,48,49,3
"DGRD",342,"2020-01-27",0,0,8,21,30,35,38,2
"DGRD",343,"2020-01-30",0,0,8,16,19,22,37,6
"DGRD",344,"2020-02-03",0,0,2,19,39,44,49,4
"DGRD",345,"2020-02-06",0,0,14,19,25,28,37,7
"DGRD",346,"2020-02-10",0,0,1,8,19,28,33,3
"DGRD",347,"2020-02-13",0,0,21,31,33,44,45,6
"DGRD",348,"2020-02-17",0,0,4,5,7,39,48,5
"DGRD",349,"2020-02-20",0,0,9,12,13,41,42,5
"DGRD",350,"2020-02-24",0,0,2,4,9,29,30,4
"DGRD",351,"2020-02-27",0,0,6,10,22,35,45,1
"DGRD",352,"2020-03-02",0,0,1,13,24,31,49,7
"DGRD",353,"2020-03-05",0,0,4,20,37,42,46,3
"DGRD",354,"2020-03-09",0,0,10,17,23,28,40,5
"DGRD",355,"2020-03-12",0,0,16,19,31,41,49,1
"DGRD",356,"2020-03-16",0,0,13,23,24,31,49,4
"DGRD",357,"2020-03-19",0,0,12,32,39,40,49,7
"DGRD",358,"2020-03-23",0,0,5,15,23,36,47,3
"DGRD",359,"2020-03-26",0,0,8,9,17,25,36,6
"DGRD",360,"2020-03-30",0,0,2,10,15,39,48,4
"DGRD",361,"2020-04-02",0,0,20,21,29,33,35,1
"DGRD",362,"2020-04-06",0,0,1,11,19,28,43,6
"DGRD",362,"2020-04-06",20,1,1,4,19,28,44,0
"DGRD",362,"2020-04-06",20,2,1,12,21,38,40,0
"DGRD",362,"2020-04-06",20,3,10,23,38,42,43,0
"DGRD",362,"2020-04-06",20,4,12,25,35,37,40,0
"DGRD",362,"2020-04-06",20,5,16,23,27,30,33,0
"DGRD",363,"2020-04-09",0,0,8,11,12,22,48,7
"DGRD",363,"2020-04-09",20,1,4,6,28,29,43,0
"DGRD",363,"2020-04-09",20,2,5,9,16,20,48,0
"DGRD",363,"2020-04-09",20,3,6,12,18,30,39,0
"DGRD",363,"2020-04-09",20,4,7,22,26,33,34,0
"DGRD",363,"2020-04-09",20,5,15,21,25,39,42,0
"DGRD",364,"2020-04-13",0,0,1,12,17,27,31,1
"DGRD",365,"2020-04-16",0,0,10,11,22,35,40,7
"DGRD",366,"2020-04-20",0,0,8,13,27,33,44,1
"DGRD",367,"2020-04-23",0,0,4,19,21,25,41,6
"DGRD",368,"2020-04-27",0,0,2,21,32,39,47,1
"DGRD",369,"2020-04-30",0,0,6,9,17,25,35,2
"DGRD",370,"2020-05-04",0,0,1,5,24,26,47,5
"DGRD",371,"2020-05-07",0,0,9,12,15,38,47,2
"DGRD",372,"2020-05-11",0,0,14,18,28,45,47,1
"DGRD",373,"2020-05-14",0,0,32,35,43,45,46,3
"DGRD",374,"2020-05-18",0,0,3,9,10,30,41,6
"DGRD",375,"2020-05-21",0,0,4,26,47,48,49,2
"DGRD",376,"2020-05-25",0,0,15,35,42,43,45,7
"DGRD",377,"2020-05-28",0,0,11,12,36,39,46,1
"DGRD",378,"2020-06-01",0,0,6,22,35,38,47,5
"DGRD",379,"2020-06-04",0,0,6,21,25,34,38,7
"DGRD",380,"2020-06-08",0,0,12,19,34,35,48,7
"DGRD",381,"2020-06-11",0,0,3,4,10,25,32,6
"DGRD",382,"2020-06-15",0,0,23,30,38,40,43,6
"DGRD",383,"2020-06-18",0,0,4,18,25,26,46,5
"DGRD",384,"2020-06-22",0,0,2,4,28,35,38,1
"DGRD",385,"2020-06-25",0,0,25,28,30,48,49,3
"DGRD",386,"2020-06-29",0,0,2,12,13,20,34,3
"DGRD",387,"2020-07-02",0,0,7,14,24,29,36,7
"DGRD",388,"2020-07-06",0,0,5,7,18,28,39,1
"DGRD",389,"2020-07-09",0,0,3,8,13,17,27,1
"DGRD",390,"2020-07-13",0,0,6,7,16,26,32,2
"DGRD",391,"2020-07-16",0,0,20,24,31,34,49,3
"DGRD",392,"2020-07-20",0,0,12,20,32,43,45,6
"DGRD",393,"2020-07-23",0,0,4,12,18,33,39,3
"DGRD",394,"2020-07-27",0,0,4,5,11,12,27,4
"DGRD",395,"2020-07-30",0,0,9,22,23,35,45,4
"DGRD",396,"2020-08-03",0,0,12,18,22,40,44,2
"DGRD",397,"2020-08-06",0,0,22,24,27,43,46,6
"DGRD",398,"2020-08-10",0,0,7,8,22,34,45,4
"DGRD",399,"2020-08-13",0,0,2,5,7,13,27,4
"DGRD",400,"2020-08-17",0,0,11,18,32,42,48,4
"DGRD",401,"2020-08-20",0,0,19,22,38,45,46,6
"DGRD",402,"2020-08-24",0,0,3,22,38,40,49,5
"DGRD",403,"2020-08-27",0,0,16,24,30,39,44,5
"DGRD",404,"2020-08-31",0,0,1,3,9,10,46,2
"DGRD",405,"2020-09-03",0,0,15,28,30,34,47,5
"DGRD",406,"2020-09-07",0,0,1,6,11,14,16,4
"DGRD",407,"2020-09-10",0,0,4,10,16,17,24,1
"DGRD",408,"2020-09-14",0,0,8,12,14,32,49,4
"DGRD",409,"2020-09-17",0,0,10,18,26,31,47,7
"DGRD",410,"2020-09-21",0,0,14,27,30,34,37,6
"DGRD",411,"2020-09-24",0,0,23,28,35,36,49,2
"DGRD",412,"2020-09-28",0,0,3,12,16,23,39,6
"DGRD",413,"2020-10-01",0,0,1,7,14,30,41,7
"DGRD",414,"2020-10-05",0,0,5,10,23,27,43,1
"DGRD",415,"2020-10-08",0,0,10,11,26,33,40,5
"DGRD",416,"2020-10-12",0,0,10,27,29,46,47,2
"DGRD",417,"2020-10-15",0,0,21,23,37,41,46,4
"DGRD",418,"2020-10-19",0,0,17,28,37,46,48,5
"DGRD",419,"2020-10-22",0,0,4,14,24,29,31,1
"DGRD",420,"2020-10-26",0,0,7,9,29,33,39,1
"DGRD",420,"2020-10-26",20,1,5,7,9,17,20,0
"DGRD",420,"2020-10-26",20,2,8,10,11,24,33,0
"DGRD",420,"2020-10-26",20,3,13,24,35,36,42,0
"DGRD",421,"2020-10-29",0,0,14,19,35,43,44,6
"DGRD",421,"2020-10-29",20,1,1,15,16,34,43,0
"DGRD",421,"2020-10-29",20,2,8,19,25,40,41,0
"DGRD",421,"2020-10-29",20,3,8,33,34,41,45,0
"DGRD",422,"2020-11-02",0,0,7,10,27,38,49,6
"DGRD",423,"2020-11-05",0,0,2,28,33,34,38,2
"DGRD",424,"2020-11-09",0,0,2,21,33,41,42,4
"DGRD",425,"2020-11-12",0,0,5,13,14,29,43,1
"DGRD",426,"2020-11-16",0,0,14,32,35,40,44,5
"DGRD",427,"2020-11-19",0,0,21,23,35,37,43,5
"DGRD",428,"2020-11-23",0,0,6,34,37,43,45,7
"DGRD",429,"2020-11-26",0,0,5,13,23,24,46,3
"DGRD",430,"2020-11-30",0,0,22,24,33,41,44,1
"DGRD",431,"2020-12-03",0,0,7,12,18,21,43,4
"DGRD",432,"2020-12-07",0,0,17,29,35,44,48,3
"DGRD",433,"2020-12-10",0,0,3,8,9,10,48,6
"DGRD",434,"2020-12-14",0,0,17,22,29,45,49,1
"DGRD",435,"2020-12-17",0,0,14,23,24,39,41,4
"DGRD",436,"2020-12-21",0,0,4,33,37,46,49,5
"DGRD",437,"2020-12-24",0,0,6,27,31,35,44,5
"DGRD",438,"2020-12-28",0,0,2,21,22,29,30,6
"DGRD",439,"2020-12-31",0,0,11,15,37,39,42,3
"DGRD",440,"2021-01-04",0,0,6,15,20,30,31,1
"DGRD",441,"2021-01-07",0,0,2,15,28,38,42,2
"DGRD",442,"2021-01-11",0,0,1,5,22,30,38,7
"DGRD",443,"2021-01-14",0,0,4,7,13,15,47,1
"DGRD",444,"2021-01-18",0,0,2,3,5,37,45,3
"DGRD",445,"2021-01-21",0,0,6,14,16,28,37,1
"DGRD",446,"2021-01-25",0,0,14,17,21,42,43,3
"DGRD",447,"2021-01-28",0,0,1,7,11,18,22,4
"DGRD",448,"2021-02-01",0,0,6,30,36,41,45,3
"DGRD",449,"2021-02-04",0,0,9,11,36,38,48,6
"DGRD",450,"2021-02-08",0,0,3,4,18,28,41,1
"DGRD",451,"2021-02-11",0,0,3,32,42,43,49,5
"DGRD",452,"2021-02-15",0,0,9,18,25,27,41,1
"DGRD",453,"2021-02-18",0,0,7,15,16,19,41,6
"DGRD",454,"2021-02-22",0,0,4,16,25,26,42,5
"DGRD",455,"2021-02-25",0,0,5,16,29,35,40,1
"DGRD",456,"2021-03-01",0,0,6,14,16,30,48,2
"DGRD",457,"2021-03-04",0,0,3,15,21,24,26,4
"DGRD",458,"2021-03-08",0,0,14,30,36,43,44,5
"DGRD",459,"2021-03-11",0,0,6,12,14,17,46,4
"DGRD",460,"2021-03-15",0,0,8,15,20,26,30,6
"DGRD",461,"2021-03-18",0,0,7,21,22,39,44,4
"DGRD",462,"2021-03-22",0,0,9,18,24,28,45,1
"DGRD",463,"2021-03-25",0,0,2,4,6,14,45,7
"DGRD",464,"2021-03-29",0,0,7,8,18,45,48,4
"DGRD",465,"2021-04-01",0,0,1,2,8,35,49,3
"DGRD",466,"2021-04-05",0,0,5,12,25,27,44,6
"DGRD",467,"2021-04-08",0,0,10,26,33,39,43,2
"DGRD",468,"2021-04-12",0,0,23,29,42,47,48,2
"DGRD",469,"2021-04-15",0,0,1,33,38,39,45,1
"DGRD",470,"2021-04-19",0,0,10,28,31,42,47,2
"DGRD",471,"2021-04-22",0,0,14,20,35,40,47,2
"DGRD",472,"2021-04-26",0,0,12,34,35,36,42,2
"DGRD",473,"2021-04-29",0,0,5,19,23,37,47,2
"DGRD",474,"2021-05-03",0,0,7,24,29,47,49,1
"DGRD",475,"2021-05-06",0,0,14,24,25,26,38,3
"DGRD",476,"2021-05-10",0,0,2,3,15,36,43,5
"DGRD",477,"2021-05-13",0,0,13,15,38,41,44,5
"DGRD",478,"2021-05-17",0,0,2,14,43,47,49,7
"DGRD",479,"2021-05-20",0,0,1,14,24,31,44,1
"DGRD",480,"2021-05-24",0,0,8,18,23,27,36,3
"DGRD",481,"2021-05-27",0,0,17,28,38,45,47,7
"DGRD",482,"2021-05-31",0,0,2,16,27,29,48,4
"DGRD",483,"2021-06-03",0,0,2,21,31,36,38,7
"DGRD",484,"2021-06-07",0,0,9,15,24,39,46,6
"DGRD",485,"2021-06-10",0,0,4,15,22,44,46,1
"DGRD",486,"2021-06-14",0,0,7,10,15,27,45,4
"DGRD",486,"2021-06-14",20,1,4,8,25,35,44,0
"DGRD",486,"2021-06-14",20,2,5,8,27,28,29,0
"DGRD",486,"2021-06-14",20,3,6,24,26,39,49,0
"DGRD",487,"2021-06-17",0,0,11,16,17,39,46,5
"DGRD",487,"2021-06-17",20,1,3,4,11,19,27,0
"DGRD",487,"2021-06-17",20,2,3,7,11,18,43,0
"DGRD",487,"2021-06-17",20,3,9,12,28,31,34,0
"DGRD",488,"2021-06-21",0,0,10,29,33,44,48,2
"DGRD",489,"2021-06-24",0,0,6,8,26,28,46,7
"DGRD",490,"2021-06-28",0,0,13,15,31,37,38,4
"DGRD",491,"2021-07-01",0,0,2,9,14,20,21,6
"DGRD",492,"2021-07-05",0,0,4,10,14,27,39,4
"DGRD",493,"2021-07-08",0,0,6,25,31,36,40,1
"DGRD",494,"2021-07-12",0,0,5,10,15,25,46,7
"DGRD",495,"2021-07-15",0,0,23,27,29,37,39,3
"DGRD",496,"2021-07-19",0,0,15,17,20,21,35,3
"DGRD",497,"2021-07-22",0,0,8,17,33,35,39,2
"DGRD",498,"2021-07-26",0,0,21,27,30,42,44,3
"DGRD",499,"2021-07-29",0,0,20,26,40,44,46,6
"DGRD",500,"2021-08-02",0,0,4,14,19,42,45,6
"DGRD",501,"2021-08-05",0,0,16,19,21,29,43,2
"DGRD",502,"2021-08-09",0,0,3,14,15,27,28,2
"DGRD",503,"2021-08-12",0,0,6,25,47,48,49,2
"DGRD",504,"2021-08-16",0,0,2,5,9,25,41,2
"DGRD",505,"2021-08-19",0,0,1,2,3,7,8,1
"DGRD",506,"2021-08-23",0,0,3,4,31,36,43,4
"DGRD",507,"2021-08-26",0,0,2,13,23,31,33,3
"DGRD",508,"2021-08-30",0,0,13,34,38,45,46,7
"DGRD",509,"2021-09-02",0,0,2,17,25,33,43,1
"DGRD",510,"2021-09-06",0,0,3,22,34,41,49,2
"DGRD",511,"2021-09-09",0,0,16,23,32,35,36,2
"DGRD",512,"2021-09-13",0,0,1,17,23,38,43,2
"DGRD",513,"2021-09-16",0,0,3,21,28,32,37,6
"DGRD",514,"2021-09-20",0,0,6,16,32,44,47,3
"DGRD",515,"2021-09-23",0,0,2,3,5,32,38,4
"DGRD",516,"2021-09-27",0,0,1,12,26,34,35,1
"DGRD",517,"2021-09-30",0,0,17,18,25,39,44,2
"DGRD",518,"2021-10-04",0,0,5,9,10,41,47,3
"DGRD",519,"2021-10-07",0,0,2,9,16,31,39,2
"DGRD",520,"2021-10-11",0,0,11,15,19,34,42,4
"DGRD",521,"2021-10-14",0,0,8,18,26,38,40,6
"DGRD",522,"2021-10-18",0,0,10,16,20,29,35,6
"DGRD",523,"2021-10-21",0,0,3,8,14,32,43,1
"DGRD",524,"2021-10-25",0,0,6,20,38,43,46,2
"DGRD",524,"2021-10-25",20,1,1,3,5,24,39,0
"DGRD",524,"2021-10-25",20,2,11,30,32,39,47,0
"DGRD",524,"2021-10-25",20,3,17,18,40,43,44,0
"DGRD",525,"2021-10-28",0,0,11,26,29,32,44,2
"DGRD",525,"2021-10-28",20,1,11,13,14,23,41,0
"DGRD",525,"2021-10-28",20,2,12,27,34,44,49,0
"DGRD",525,"2021-10-28",20,3,19,26,31,35,37,0
"DGRD",526,"2021-11-01",0,0,5,13,15,17,49,3
"DGRD",527,"2021-11-04",0,0,19,31,34,35,48,5
"DGRD",528,"2021-11-08",0,0,6,14,25,37,41,1
"DGRD",529,"2021-11-11",0,0,17,19,21,33,47,5
"DGRD",530,"2021-11-15",0,0,17,21,22,31,46,2
"DGRD",531,"2021-11-18",0,0,1,9,35,36,40,2
"DGRD",532,"2021-11-22",0,0,14,15,21,22,47,3
"DGRD",533,"2021-11-25",0,0,13,17,19,32,34,7
"DGRD",534,"2021-11-29",0,0,1,4,5,6,41,2
"DGRD",535,"2021-12-02",0,0,1,17,39,45,48,2
"DGRD",536,"2021-12-06",0,0,14,17,27,30,39,7
"DGRD",537,"2021-12-09",0,0,8,19,29,35,43,6
"DGRD",538,"2021-12-13",0,0,14,16,17,37,38,6
"DGRD",539,"2021-12-16",0,0,6,22,33,38,39,6
"DGRD",540,"2021-12-20",0,0,3,37,38,40,45,4
"DGRD",541,"2021-12-23",0,0,8,17,30,31,47,3
"DGRD",542,"2021-12-27",0,0,8,26,33,46,48,1
"DGRD",543,"2021-12-30",0,0,21,25,29,42,43,1
"DGRD",544,"2022-01-03",0,0,6,8,15,29,41,6
"DGRD",545,"2022-01-06",0,0,31,39,41,44,49,1
"DGRD",546,"2022-01-10",0,0,10,28,35,40,43,5
"DGRD",547,"2022-01-13",0,0,7,21,25,33,48,7
"DGRD",548,"2022-01-17",0,0,6,16,42,45,46,6
"DGRD",548,"2022-01-17",20,1,3,7,9,19,41,0
"DGRD",548,"2022-01-17",20,2,8,25,43,47,48,0
"DGRD",548,"2022-01-17",20,3,11,20,31,37,43,0
"DGRD",549,"2022-01-20",0,0,4,16,40,43,49,3
"DGRD",549,"2022-01-20",20,1,1,26,33,34,43,0
"DGRD",549,"2022-01-20",20,2,12,14,23,28,39,0
"DGRD",549,"2022-01-20",20,3,16,30,32,41,42,0
"DGRD",550,"2022-01-24",0,0,12,13,23,28,45,6
"DGRD",551,"2022-01-27",0,0,2,29,34,46,47,2
"DGRD",552,"2022-01-31",0,0,4,13,17,32,47,4
"DGRD",553,"2022-02-03",0,0,15,19,24,30,43,4
"DGRD",554,"2022-02-07",0,0,6,23,25,44,46,2
"DGRD",555,"2022-02-10",0,0,1,2,18,38,49,1
"DGRD",556,"2022-02-14",0,0,2,7,17,45,49,2
"DGRD",557,"2022-02-17",0,0,8,10,30,40,44,3
"DGRD",558,"2022-02-21",0,0,2,18,33,35,39,7
"DGRD",559,"2022-02-24",0,0,16,29,31,34,35,5
"DGRD",560,"2022-02-28",0,0,8,13,24,32,46,6
"DGRD",561,"2022-03-03",0,0,1,24,29,37,43,2
"DGRD",562,"2022-03-07",0,0,8,11,32,34,43,7
"DGRD",563,"2022-03-10",0,0,5,26,27,43,47,5
"DGRD",564,"2022-03-14",0,0,3,9,13,17,45,4
"DGRD",565,"2022-03-17",0,0,6,10,12,35,42,6
"DGRD",566,"2022-03-21",0,0,8,17,18,26,29,7
"DGRD",567,"2022-03-24",0,0,9,14,29,34,37,2
"DGRD",568,"2022-03-28",0,0,7,11,13,16,40,5
"DGRD",569,"2022-03-31",0,0,2,6,23,45,48,7
"DGRD",570,"2022-04-04",0,0,1,8,11,22,27,3
"DGRD",571,"2022-04-07",0,0,17,27,32,36,38,2
"DGRD",572,"2022-04-11",0,0,32,34,40,42,43,2
"DGRD",573,"2022-04-14",0,0,12,23,26,30,32,4
"DGRD",574,"2022-04-18",0,0,1,13,15,28,37,2
"DGRD",575,"2022-04-21",0,0,2,6,16,42,44,4
"DGRD",576,"2022-04-25",0,0,11,25,29,30,40,6
"DGRD",577,"2022-04-28",0,0,11,17,20,39,40,3
"DGRD",578,"2022-05-02",0,0,1,8,17,26,38,1
"DGRD",579,"2022-05-05",0,0,6,23,25,38,41,1
"DGRD",580,"2022-05-09",0,0,14,29,40,45,47,1
"DGRD",581,"2022-05-12",0,0,2,3,12,25,32,6
"DGRD",582,"2022-05-16",0,0,7,32,34,40,44,2
"DGRD",583,"2022-05-19",0,0,13,14,30,31,34,6
"DGRD",584,"2022-05-23",0,0,7,12,27,28,33,1
"DGRD",585,"2022-05-26",0,0,13,14,28,34,48,6
"DGRD",586,"2022-05-30",0,0,11,14,27,36,44,5
"DGRD",587,"2022-06-02",0,0,4,26,37,40,44,4
"DGRD",588,"2022-06-06",0,0,24,31,32,44,47,6
"DGRD",589,"2022-06-09",0,0,1,13,15,43,48,2
"DGRD",590,"2022-06-13",0,0,3,9,18,43,46,5
"DGRD",591,"2022-06-16",0,0,1,15,23,36,44,7
"DGRD",591,"2022-06-16",20,1,4,9,14,16,45,0
"DGRD",591,"2022-06-16",20,2,5,9,10,23,40,0
"DGRD",591,"2022-06-16",20,3,6,14,31,34,38,0
"DGRD",592,"2022-06-20",0,0,7,8,18,21,32,1
"DGRD",592,"2022-06-20",20,1,2,5,14,31,45,0
"DGRD",592,"2022-06-20",20,2,3,11,13,38,39,0
"DGRD",592,"2022-06-20",20,3,5,15,27,30,32,0
"DGRD",593,"2022-06-23",0,0,16,17,18,32,44,5
"DGRD",594,"2022-06-27",0,0,3,4,5,19,25,7
"DGRD",595,"2022-06-30",0,0,10,31,35,45,46,7
"DGRD",596,"2022-07-04",0,0,18,30,32,34,44,4
"DGRD",597,"2022-07-07",0,0,15,23,24,36,46,4
"DGRD",598,"2022-07-11",0,0,1,5,18,34,49,2
"DGRD",599,"2022-07-14",0,0,3,12,14,16,45,4
"DGRD",600,"2022-07-18",0,0,5,6,12,33,48,3
"DGRD",601,"2022-07-21",0,0,13,18,28,30,41,2
"DGRD",602,"2022-07-25",0,0,1,7,31,41,46,7
"DGRD",603,"2022-07-28",0,0,1,3,18,23,33,4
"DGRD",604,"2022-08-01",0,0,16,20,27,36,42,2
"DGRD",605,"2022-08-04",0,0,8,22,27,36,43,6
"DGRD",606,"2022-08-08",0,0,1,22,29,34,47,5
"DGRD",607,"2022-08-11",0,0,28,37,43,45,47,7
"DGRD",608,"2022-08-15",0,0,15,26,38,40,45,4
"DGRD",609,"2022-08-18",0,0,6,11,18,22,34,2
"DGRD",610,"2022-08-22",0,0,5,12,14,44,49,1
"DGRD",611,"2022-08-25",0,0,3,8,14,24,33,7
"DGRD",611,"2022-08-25",20,1,4,21,34,44,47,0
"DGRD",611,"2022-08-25",20,2,9,23,25,31,33,0
"DGRD",611,"2022-08-25",20,3,16,20,28,40,41,0
"DGRD",612,"2022-08-29",0,0,7,11,32,37,41,5
"DGRD",612,"2022-08-29",20,1,5,10,24,25,31,0
"DGRD",612,"2022-08-29",20,2,14,15,21,24,39,0
"DGRD",612,"2022-08-29",20,3,15,20,27,39,41,0
"DGRD",613,"2022-09-01",0,0,14,15,34,41,44,4
"DGRD",614,"2022-09-05",0,0,2,4,13,15,45,2
"DGRD",615,"2022-09-08",0,0,8,22,28,42,43,4
"DGRD",616,"2022-09-12",0,0,1,11,37,41,46,2
"DGRD",617,"2022-09-15",0,0,3,11,23,33,48,4
"DGRD",618,"2022-09-19",0,0,4,7,8,11,13,4
"DGRD",619,"2022-09-22",0,0,3,22,26,40,45,4
"DGRD",620,"2022-09-26",0,0,7,18,26,33,39,6
"DGRD",621,"2022-09-29",0,0,4,5,20,26,48,1
"DGRD",622,"2022-10-03",0,0,17,20,23,28,45,6
"DGRD",623,"2022-10-06",0,0,14,19,30,38,48,4
"DGRD",624,"2022-10-10",0,0,5,11,15,21,43,6
"DGRD",625,"2022-10-13",0,0,5,11,20,22,37,4
"DGRD",626,"2022-10-17",0,0,18,31,34,36,42,1
"DGRD",627,"2022-10-20",0,0,14,19,20,37,40,6
"DGRD",628,"2022-10-24",0,0,16,23,34,36,45,2
"DGRD",629,"2022-10-27",0,0,7,8,23,41,45,4
"DGRD",630,"2022-10-31",0,0,15,33,36,41,48,1
"DGRD",631,"2022-11-03",0,0,15,18,28,33,45,7
"DGRD",632,"2022-11-07",0,0,3,15,27,41,47,5
"DGRD",633,"2022-11-10",0,0,2,15,20,31,49,3
"DGRD",634,"2022-11-14",0,0,2,3,5,12,27,3
"DGRD",635,"2022-11-17",0,0,13,22,31,37,45,2
"DGRD",636,"2022-11-21",0,0,5,7,12,32,49,6
"DGRD",637,"2022-11-24",0,0,25,32,42,43,46,4
"DGRD",638,"2022-11-28",0,0,6,8,10,32,33,2
"DGRD",639,"2022-12-01",0,0,1,26,27,38,46,7
"DGRD",640,"2022-12-05",0,0,9,39,40,41,45,1
"DGRD",641,"2022-12-08",0,0,17,32,33,41,45,4
"DGRD",642,"2022-12-12",0,0,2,3,20,26,28,2
"DGRD",643,"2022-12-15",0,0,10,24,33,43,44,7
"DGRD",644,"2022-12-19",0,0,9,26,28,29,48,2
"DGRD",645,"2022-12-22",0,0,12,20,28,41,44,2
"DGRD",646,"2022-12-26",0,0,4,7,16,30,43,5
"DGRD",647,"2022-12-29",0,0,1,11,20,31,43,3
"DGRD",648,"2023-01-02",0,0,2,19,20,27,47,5
"DGRD",649,"2023-01-05",0,0,1,27,32,33,35,4
"DGRD",650,"2023-01-09",0,0,5,13,15,22,45,6
"DGRD",651,"2023-01-12",0,0,4,7,27,33,48,7
"DGRD",652,"2023-01-16",0,0,14,19,21,36,48,1
"DGRD",652,"2023-01-16",20,1,3,9,11,14,33,0
"DGRD",652,"2023-01-16",20,2,4,10,20,25,39,0
"DGRD",652,"2023-01-16",20,3,7,13,16,17,48,0
"DGRD",653,"2023-01-19",0,0,7,9,23,34,43,5
"DGRD",653,"2023-01-19",20,1,7,10,20,31,46,0
"DGRD",653,"2023-01-19",20,2,16,30,33,36,40,0
"DGRD",653,"2023-01-19",20,3,23,24,26,38,43,0
"DGRD",654,"2023-01-23",0,0,16,19,22,37,44,5
"DGRD",655,"2023-01-26",0,0,17,24,28,32,37,5
"DGRD",656,"2023-01-30",0,0,20,23,31,34,42,1
"DGRD",657,"2023-02-02",0,0,11,14,16,23,44,7
"DGRD",658,"2023-02-06",0,0,7,10,26,33,44,7
"DGRD",659,"2023-02-09",0,0,14,31,33,38,47,1
"DGRD",660,"2023-02-13",0,0,6,10,19,27,38,3
"DGRD",661,"2023-02-16",0,0,13,16,17,18,21,3
"DGRD",662,"2023-02-20",0,0,7,17,19,24,45,1
"DGRD",663,"2023-02-23",0,0,5,19,20,22,27,1
"DGRD",664,"2023-02-27",0,0,5,15,26,38,44,7
"DGRD",665,"2023-03-02",0,0,3,16,17,23,36,2
"DGRD",666,"2023-03-06",0,0,15,17,21,35,36,2
"DGRD",667,"2023-03-09",0,0,2,10,11,21,38,4
"DGRD",668,"2023-03-13",0,0,2,9,11,20,34,2
"DGRD",669,"2023-03-16",0,0,16,17,26,41,48,2
"DGRD",670,"2023-03-20",0,0,5,7,17,25,35,1
"DGRD",671,"2023-03-23",0,0,11,13,16,18,21,2
"DGRD",672,"2023-03-27",0,0,14,24,31,47,49,4
"DGRD",673,"2023-03-30",0,0,8,9,13,38,40,2
"DGRD",674,"2023-04-03",0,0,1,16,28,31,33,1
"DGRD",675,"2023-04-06",0,0,17,21,34,36,37,1
"DGRD",676,"2023-04-10",0,0,13,34,35,37,46,7
"DGRD",677,"2023-04-13",0,0,4,11,35,38,46,5
"DGRD",678,"2023-04-17",0,0,4,17,34,35,45,1
"DGRD",679,"2023-04-20",0,0,6,7,13,32,41,7
"DGRD",680,"2023-04-24",0,0,6,27,30,38,45,5
"DGRD",681,"2023-04-27",0,0,4,8,16,17,20,5
"DGRD",682,"2023-05-01",0,0,11,12,20,47,48,6
"DGRD",683,"2023-05-04",0,0,1,2,8,46,47,4
"DGRD",684,"2023-05-08",0,0,2,9,15,22,33,3
"DGRD",685,"2023-05-11",0,0,4,5,12,14,25,6
"DGRD",686,"2023-05-15",0,0,24,28,37,39,46,6
"DGRD",687,"2023-05-18",0,0,3,8,20,40,43,6
"DGRD",688,"2023-05-22",0,0,4,17,20,34,39,5
"DGRD",689,"2023-05-25",0,0,4,12,16,21,46,5
"DGRD",690,"2023-05-29",0,0,4,14,20,23,35,5
"DGRD",691,"2023-06-01",0,0,1,13,20,37,41,3
"DGRD",692,"2023-06-05",0,0,6,19,23,38,43,5
"DGRD",693,"2023-06-08",0,0,14,19,23,28,48,5
"DGRD",694,"2023-06-12",0,0,12,20,26,34,45,4
"DGRD",695,"2023-06-15",0,0,5,7,12,24,28,4
"DGRD",695,"2023-06-15",20,1,3,24,37,43,49,0
"DGRD",695,"2023-06-15",20,2,7,12,14,27,30,0
"DGRD",695,"2023-06-15",20,3,11,12,22,36,46,0
"DGRD",696,"2023-06-19",0,0,4,16,18,30,48,6
"DGRD",696,"2023-06-19",20,1,2,11,19,29,37,0
"DGRD",696,"2023-06-19",20,2,3,6,11,44,48,0
"DGRD",696,"2023-06-19",20,3,8,24,27,39,46,0
"DGRD",697,"2023-06-22",0,0,14,17,27,29,47,7
"DGRD",698,"2023-06-26",0,0,12,14,23,41,48,5
"DGRD",699,"2023-06-29",0,0,1,39,44,46,48,3
"DGRD",700,"2023-07-03",0,0,17,19,20,39,42,7
"DGRD",701,"2023-07-06",0,0,9,10,14,32,41,5
"DGRD",702,"2023-07-10",0,0,5,19,27,41,46,6
"DGRD",703,"2023-07-13",0,0,17,19,35,38,40,2
"DGRD",704,"2023-07-17",0,0,5,8,25,27,37,4
"DGRD",705,"2023-07-20",0,0,1,8,33,45,46,4
"DGRD",706,"2023-07-24",0,0,13,23,30,31,37,3
"DGRD",707,"2023-07-27",0,0,6,14,18,35,45,7
"DGRD",708,"2023-07-31",0,0,1,10,23,32,37,5
"DGRD",709,"2023-08-03",0,0,7,12,17,18,28,6
"DGRD",710,"2023-08-07",0,0,2,11,18,27,47,6
"DGRD",711,"2023-08-10",0,0,15,25,28,29,31,2
"DGRD",712,"2023-08-14",0,0,6,21,24,28,33,1
"DGRD",713,"2023-08-17",0,0,12,13,16,28,34,1
"DGRD",714,"2023-08-21",0,0,4,10,13,18,47,2
"DGRD",715,"2023-08-24",0,0,3,5,15,21,28,2
"DGRD",716,"2023-08-28",0,0,2,13,16,30,49,6
"DGRD",717,"2023-08-31",0,0,13,26,38,39,41,6
"DGRD",718,"2023-09-04",0,0,11,14,25,37,39,7
"DGRD",719,"2023-09-07",0,0,1,10,25,31,39,5
"DGRD",720,"2023-09-11",0,0,10,11,13,25,36,7
"DGRD",721,"2023-09-14",0,0,4,13,28,35,49,6
"DGRD",722,"2023-09-18",0,0,7,21,28,33,42,2
"DGRD",723,"2023-09-21",0,0,2,7,12,21,27,5
"DGRD",724,"2023-09-25",0,0,2,22,34,36,37,6
"DGRD",725,"2023-09-28",0,0,30,31,34,35,47,2
"DGRD",726,"2023-10-02",0,0,5,12,23,41,49,2
"DGRD",727,"2023-10-05",0,0,2,5,9,13,48,7
"DGRD",728,"2023-10-09",0,0,16,28,35,40,42,1
"DGRD",729,"2023-10-12",0,0,2,5,21,30,46,7
"DGRD",730,"2023-10-16",0,0,11,27,30,41,42,6
"DGRD",731,"2023-10-19",0,0,3,22,24,31,47,4
"DGRD",732,"2023-10-23",0,0,7,17,27,31,44,5
"DGRD",733,"2023-10-26",0,0,7,22,25,39,43,3
"DGRD",733,"2023-10-26",20,1,2,33,40,48,49,0
"DGRD",733,"2023-10-26",20,2,4,15,19,29,44,0
"DGRD",733,"2023-10-26",20,3,9,13,19,27,43,0
"DGRD",734,"2023-10-30",0,0,7,25,31,43,49,4
"DGRD",734,"2023-10-30",20,1,7,16,28,37,43,0
"DGRD",734,"2023-10-30",20,2,7,16,34,40,49,0
"DGRD",734,"2023-10-30",20,3,14,24,34,43,44,0
"DGRD",735,"2023-11-02",0,0,7,8,24,26,47,7
"DGRD",736,"2023-11-06",0,0,13,15,17,38,46,6
"DGRD",737,"2023-11-09",0,0,1,11,12,33,44,4
"DGRD",738,"2023-11-13",0,0,1,8,28,40,45,5
"DGRD",739,"2023-11-16",0,0,5,27,30,41,42,2
"DGRD",740,"2023-11-20",0,0,3,36,38,42,48,6
"DGRD",741,"2023-11-23",0,0,1,12,14,20,31,4
"DGRD",742,"2023-11-27",0,0,13,16,18,27,30,6
